"Strategy","Costs - Tests + Drugs","Costs Total - Tests + Drugs + Hospital","QALYs","ICER"
"Stool Antigen",76.9361353476998,2310.94790594635,17.241447482133,NA
"Serology",78.9067125030896,2252.57022798525,17.2517182190829,-5683.88405289069
"UBT",123.442130243866,2003.42581872322,17.3016024348951,-5112.16571707676
