"Strategy","Costs - Tests + Drugs","Costs Total - Tests + Drugs + Hospital","QALYs","ICER"
"Stool Antigen",99.5582131415424,3165.25469025612,17.1080751706438,NA
"Serology",101.373162431521,3076.56332773788,17.1234812377614,-5756.91134158496
"UBT",155.751006154405,2690.59467104064,17.1983073742102,-5260.42810055274
