"Strategy","Costs - Tests + Drugs","Costs Total - Tests + Drugs + Hospital","QALYs","ICER"
"Stool Antigen",44.5111571765252,1086.44151510233,17.432614461934,NA
"UBT",77.1327414387592,1018.48379706825,17.4496586885435,-3987.14002056325
