"Strategy","Costs - Tests + Drugs","Costs Total - Tests + Drugs + Hospital","QALYs","ICER"
"Natural History",138.50469438499,14297.0980781718,15.4476172407181,NA
"RUT",159.580052847741,5273.39610187962,16.7651959711024,-6848.70039884439
"Histology",158.407505701474,4931.59413671525,16.821209517739,-6818.25611437521
"Stool Antigen",99.5582131415424,3165.25469025612,17.1080751706438,-6704.08035475691
"Serology",101.373162431521,3076.56332773788,17.1234812377614,-6695.37311513942
"UBT",155.751006154405,2690.59467104064,17.1983073742102,-6629.67317007678
