"Strategy","Costs - Tests + Drugs","Costs Total - Tests + Drugs + Hospital","QALYs","ICER"
"Natural History",76.2874919209442,5176.17053563556,16.8213290520197,NA
"RUT",86.3631131468886,2171.23967443682,17.2605256178314,-6841.88150616658
"Histology",87.418003095354,2058.72997199105,17.2791969778281,-6808.6021927403
"Stool Antigen",54.314057553857,1456.64112163657,17.3748197936221,-6720.12941577094
"Serology",56.440262574658,1428.57712823261,17.3799552004044,-6708.58931011263
"UBT",91.1332543333263,1316.2569664058,17.40489749558,-6614.32881065432
