"Strategy","Costs - Tests + Drugs","Costs Total - Tests + Drugs + Hospital","QALYs","ICER"
"Stool Antigen",54.314057553857,1456.64112163657,17.3748197936221,NA
"Serology",56.440262574658,1428.57712823261,17.3799552004044,-5464.80436575804
"UBT",91.1332543333263,1316.2569664058,17.40489749558,-4667.38301440147
