"Strategy","Costs - Tests + Drugs","Costs Total - Tests + Drugs + Hospital","QALYs","ICER"
"Natural History",107.396093152967,9736.63430690366,16.1344731463689,NA
"RUT",122.971582997315,3722.31788815822,17.0128607944669,-6846.99566503279
"Histology",122.912754398414,3495.16205435315,17.0502032477836,-6815.84261881126
"Stool Antigen",76.9361353476998,2310.94790594635,17.241447482133,-6708.09264591641
"Serology",78.9067125030896,2252.57022798525,17.2517182190829,-6698.67718524648
"UBT",123.442130243866,2003.42581872322,17.3016024348951,-6625.83705524621
