"Strategy","Costs - Tests + Drugs","Costs Total - Tests + Drugs + Hospital","QALYs","ICER"
"Natural History",62.8070980537344,3199.96956808605,17.1189666111351,NA
"RUT",70.4994428783705,1499.10578182421,17.3678470412893,-6834.05997493485
"Histology",72.0369441973614,1436.27606963414,17.3784275941808,-6797.52877580571
"Stool Antigen",44.5111571765252,1086.44151510233,17.432614461934,-6738.53829254609
"Serology",46.7048009390043,1071.51345167314,17.435524558977,-6723.74878256212
"UBT",77.1327414387592,1018.48379706825,17.4496586885435,-6596.72825582542
